{
    "LaLiga": {
        "averages": {
            "league_home": 1.5976443239317157,
            "league_away": 1.1490816791733929
        },
        "teams": {
            "Girona FC": {
                "id_api": 298,
                "att_h": 0.7476619050096787,
                "def_h": 1.1679906529641209,
                "att_a": 0.8833098508283149,
                "def_a": 0.8815940765250967
            },
            "Rayo Vallecano de Madrid": {
                "id_api": 87,
                "att_h": 0.8772806175786717,
                "def_h": 0.7512835993202702,
                "att_a": 0.6691254217542949,
                "def_a": 0.97908897586738
            },
            "Villarreal CF": {
                "id_api": 94,
                "att_h": 1.5645783479486957,
                "def_h": 0.8455682432931879,
                "att_a": 1.1254655323241776,
                "def_a": 0.8817004738744917
            },
            "Real Oviedo": {
                "id_api": 1048,
                "att_h": 0.39399296587599414,
                "def_h": 0.7973169752418012,
                "att_a": 0.9665027656351383,
                "def_a": 1.4093403930370865
            },
            "RCD Mallorca": {
                "id_api": 89,
                "att_h": 1.0794509105381043,
                "def_h": 0.9762574225480369,
                "att_a": 0.7455010490430193,
                "def_a": 1.1100651437571678
            },
            "FC Barcelona": {
                "id_api": 81,
                "att_h": 1.8680413190552274,
                "def_h": 0.4663960050148737,
                "att_a": 1.8076015990851768,
                "def_a": 0.71415699483864
            },
            "Deportivo Alavés": {
                "id_api": 263,
                "att_h": 0.8904785577093409,
                "def_h": 1.3418881419610234,
                "att_a": 1.0832278542862845,
                "def_a": 1.233990130399519
            },
            "Levante UD": {
                "id_api": 88,
                "att_h": 0.8183976823993767,
                "def_h": 1.0766787271035938,
                "att_a": 0.7533759965948923,
                "def_a": 1.1900149885805544
            },
            "Valencia CF": {
                "id_api": 95,
                "att_h": 0.8492829109883878,
                "def_h": 1.2046855165496038,
                "att_a": 0.7586321885554692,
                "def_a": 0.9180254063936344
            },
            "Real Sociedad de Fútbol": {
                "id_api": 92,
                "att_h": 1.2366554526184053,
                "def_h": 1.2688931588993373,
                "att_a": 1.211963187528303,
                "def_a": 1.161452783705347
            },
            "RC Celta de Vigo": {
                "id_api": 558,
                "att_h": 1.0619226468795249,
                "def_h": 1.3768119411944264,
                "att_a": 1.1069007727089393,
                "def_a": 0.7396954791874552
            },
            "Getafe CF": {
                "id_api": 82,
                "att_h": 0.4875143145170285,
                "def_h": 0.8260041171263286,
                "att_a": 0.7125686450203657,
                "def_a": 0.6668805001966326
            },
            "Athletic Club": {
                "id_api": 77,
                "att_h": 0.792312343624725,
                "def_h": 0.9803762913910822,
                "att_a": 1.1117187727521989,
                "def_a": 1.211403260190663
            },
            "Sevilla FC": {
                "id_api": 559,
                "att_h": 0.7688290442447608,
                "def_h": 1.1896146983986202,
                "att_a": 0.8940737110812561,
                "def_a": 1.249320051025761
            },
            "RCD Espanyol de Barcelona": {
                "id_api": 80,
                "att_h": 0.5477054118720129,
                "def_h": 1.2016972260164094,
                "att_a": 0.9351412651941241,
                "def_a": 1.1284479762552435
            },
            "Club Atlético de Madrid": {
                "id_api": 78,
                "att_h": 1.3649446586116014,
                "def_h": 0.9092511565001823,
                "att_a": 1.0822518095555402,
                "def_a": 0.8357912326761264
            },
            "Elche CF": {
                "id_api": 285,
                "att_h": 1.0670522970631535,
                "def_h": 1.0134819955927923,
                "att_a": 0.885951046565616,
                "def_a": 1.3286903641764949
            },
            "Real Betis Balompié": {
                "id_api": 90,
                "att_h": 1.0757004034343725,
                "def_h": 0.8100554669888348,
                "att_a": 1.1294161595163548,
                "def_a": 0.9167641423182492
            },
            "Real Madrid CF": {
                "id_api": 86,
                "att_h": 1.44256153414736,
                "def_h": 0.7972596937865742,
                "att_a": 1.4856485162799475,
                "def_a": 0.595589744941558
            },
            "CA Osasuna": {
                "id_api": 79,
                "att_h": 1.0507514178208457,
                "def_h": 1.06462220576594,
                "att_a": 0.6520823398576513,
                "def_a": 0.8280032879381176
            }
        }
    },
    "last_update": "2026-05-04 17:17:49"
}