{
    "LaLiga": {
        "averages": {
            "league_home": 1.5996773658247507,
            "league_away": 1.1285968666392956
        },
        "teams": {
            "Girona FC": {
                "id_api": 298,
                "att_h": 0.833087867946119,
                "def_h": 1.2242556950451005,
                "att_a": 0.8993425346311865,
                "def_a": 0.880473652039186
            },
            "Rayo Vallecano de Madrid": {
                "id_api": 87,
                "att_h": 0.8761656750999016,
                "def_h": 0.7649199154814565,
                "att_a": 0.5476655653248189,
                "def_a": 1.0976098774238119
            },
            "Villarreal CF": {
                "id_api": 94,
                "att_h": 1.3798408378430522,
                "def_h": 0.8579765376922871,
                "att_a": 1.2262483239287465,
                "def_a": 0.8805799141673964
            },
            "Real Oviedo": {
                "id_api": 1048,
                "att_h": 0.3934922372776531,
                "def_h": 0.811788828966433,
                "att_a": 1.0973908804164845,
                "def_a": 1.353663260080856
            },
            "RCD Mallorca": {
                "id_api": 89,
                "att_h": 1.0780790283264263,
                "def_h": 0.9939771689668518,
                "att_a": 0.7443528420876687,
                "def_a": 1.2367767534425114
            },
            "FC Barcelona": {
                "id_api": 81,
                "att_h": 1.865667211412839,
                "def_h": 0.47486141459715536,
                "att_a": 1.8485162032101294,
                "def_a": 0.7237074266217032
            },
            "Deportivo Alavés": {
                "id_api": 263,
                "att_h": 0.8475251033863473,
                "def_h": 1.1138598474583883,
                "att_a": 1.1028891879145115,
                "def_a": 1.232421843140919
            },
            "Levante UD": {
                "id_api": 88,
                "att_h": 0.8173575746820164,
                "def_h": 1.0962211895506535,
                "att_a": 0.7530110684715231,
                "def_a": 0.9599776524844087
            },
            "Valencia CF": {
                "id_api": 95,
                "att_h": 0.9459711179078069,
                "def_h": 1.1636677479716153,
                "att_a": 0.7724018866861811,
                "def_a": 0.9168586810589251
            },
            "Real Sociedad de Fútbol": {
                "id_api": 92,
                "att_h": 1.235083777981922,
                "def_h": 1.2919244460260266,
                "att_a": 1.2339611563589918,
                "def_a": 1.1599766847015722
            },
            "RC Celta de Vigo": {
                "id_api": 558,
                "att_h": 0.9616433099522954,
                "def_h": 1.464421441672824,
                "att_a": 1.1269917861549628,
                "def_a": 0.7387553946870401
            },
            "Getafe CF": {
                "id_api": 82,
                "att_h": 0.5414600208037479,
                "def_h": 0.736648484542245,
                "att_a": 0.7255022580246119,
                "def_a": 0.6660329567959987
            },
            "Athletic Club": {
                "id_api": 77,
                "att_h": 0.7913053879589323,
                "def_h": 1.0846269798088142,
                "att_a": 0.8620537143318152,
                "def_a": 1.2053458179184127
            },
            "Sevilla FC": {
                "id_api": 559,
                "att_h": 0.7678519336792653,
                "def_h": 1.2112070267178259,
                "att_a": 0.9103017663811985,
                "def_a": 1.2477322808567217
            },
            "RCD Espanyol de Barcelona": {
                "id_api": 80,
                "att_h": 0.61300370667091,
                "def_h": 1.1573222017296563,
                "att_a": 0.9521147249623075,
                "def_a": 1.127013823307374
            },
            "Club Atlético de Madrid": {
                "id_api": 78,
                "att_h": 1.3632099402665676,
                "def_h": 0.925754692915963,
                "att_a": 1.0261148408445433,
                "def_a": 0.9291108377506992
            },
            "Elche CF": {
                "id_api": 285,
                "att_h": 1.0656961723417975,
                "def_h": 1.0318773937195145,
                "att_a": 0.9038216934524393,
                "def_a": 1.2655579525406173
            },
            "Real Betis Balompié": {
                "id_api": 90,
                "att_h": 0.982636521952185,
                "def_h": 0.9191698356620224,
                "att_a": 1.1499158427819711,
                "def_a": 0.9155990199334584
            },
            "Real Madrid CF": {
                "id_api": 86,
                "att_h": 1.4407281719364178,
                "def_h": 0.8117305078132355,
                "att_a": 1.4820456442419738,
                "def_a": 0.664903117135545
            },
            "CA Osasuna": {
                "id_api": 79,
                "att_h": 1.096313952096531,
                "def_h": 1.007880929654658,
                "att_a": 0.6639180846515882,
                "def_a": 0.8269509723850493
            }
        }
    },
    "last_update": "2026-04-30 17:04:13"
}