{
    "LaLiga": {
        "averages": {
            "league_home": 1.5882892452846586,
            "league_away": 1.1225314655931347
        },
        "teams": {
            "Girona FC": {
                "att_h": 0.8031088445654532,
                "def_h": 1.2666574564473772,
                "att_a": 0.9018351408548496,
                "def_a": 0.912193382464167
            },
            "Rayo Vallecano de Madrid": {
                "att_h": 0.8423128395673806,
                "def_h": 0.7540791042472559,
                "att_a": 0.5949630919323242,
                "def_a": 1.0894410649549056
            },
            "Villarreal CF": {
                "att_h": 1.3974864754327077,
                "def_h": 0.8332963519022878,
                "att_a": 1.1758335622325644,
                "def_a": 0.88894867704147
            },
            "Real Oviedo": {
                "att_h": 0.3705398899117535,
                "def_h": 0.8388903252577645,
                "att_a": 1.0402346340823563,
                "def_a": 1.357179158561476
            },
            "RCD Mallorca": {
                "att_h": 1.056469120346263,
                "def_h": 1.019439250001562,
                "att_a": 0.7577692492400936,
                "def_a": 1.2348474938941911
            },
            "FC Barcelona": {
                "att_h": 1.897635741077605,
                "def_h": 0.4753262302821634,
                "att_a": 1.895388458532912,
                "def_a": 0.7706720063980245
            },
            "Deportivo Alav\u00e9s": {
                "att_h": 0.8397473467399699,
                "def_h": 1.0950796923704555,
                "att_a": 1.0221708518902817,
                "def_a": 1.1925056010265365
            },
            "Levante UD": {
                "att_h": 0.8027867401033899,
                "def_h": 1.1992836697407514,
                "att_a": 0.8123853338575031,
                "def_a": 0.9614465823037878
            },
            "Valencia CF": {
                "att_h": 0.9308606597792858,
                "def_h": 1.126221912271577,
                "att_a": 0.762353660820411,
                "def_a": 0.9815859179327999
            },
            "Real Sociedad de F\u00fatbol": {
                "att_h": 1.2242044783265285,
                "def_h": 1.3039321777093689,
                "att_a": 1.1889879564302457,
                "def_a": 1.1233844717453993
            },
            "RC Celta de Vigo": {
                "att_h": 0.9485860681466186,
                "def_h": 1.4126583744909227,
                "att_a": 1.14139495871758,
                "def_a": 0.7259823987121279
            },
            "Getafe CF": {
                "att_h": 0.5460603465512575,
                "def_h": 0.7334671024126044,
                "att_a": 0.72928002079145,
                "def_a": 0.7142214751506062
            },
            "Athletic Club": {
                "att_h": 0.7889743222635036,
                "def_h": 1.002691449646625,
                "att_a": 0.8543863463698447,
                "def_a": 1.1848215901256258
            },
            "Sevilla FC": {
                "att_h": 0.7930311325070705,
                "def_h": 1.2405592144874629,
                "att_a": 0.9456393964366494,
                "def_a": 1.231073894501143
            },
            "RCD Espanyol de Barcelona": {
                "att_h": 0.6526340474493124,
                "def_h": 1.170340755008745,
                "att_a": 0.9760727157771891,
                "def_a": 1.0983001574179698
            },
            "Club Atl\u00e9tico de Madrid": {
                "att_h": 1.3857661054696155,
                "def_h": 0.8899770447121532,
                "att_a": 1.0180076462659842,
                "def_a": 0.8883439648273981
            },
            "Elche CF": {
                "att_h": 1.0593200097959068,
                "def_h": 1.0042551430701656,
                "att_a": 0.8998402704477056,
                "def_a": 1.2721401543430142
            },
            "Real Betis Balompi\u00e9": {
                "att_h": 1.0227331884976594,
                "def_h": 0.935905271313221,
                "att_a": 1.1513011020079196,
                "def_a": 0.9092144230407646
            },
            "Real Madrid CF": {
                "att_h": 1.4514111972048493,
                "def_h": 0.7846920369866773,
                "att_a": 1.5389495445748422,
                "def_a": 0.667337674613734
            },
            "CA Osasuna": {
                "att_h": 1.1055523881202236,
                "def_h": 1.0130497602259145,
                "att_a": 0.6345836339711904,
                "def_a": 0.8248381489053048
            }
        }
    }
}