{
    "LaLiga": {
        "averages": {
            "league_home": 1.595181534877978,
            "league_away": 1.1274026261587875
        },
        "teams": {
            "Girona FC": {
                "att_h": 0.7996388578519192,
                "def_h": 1.261184618519849,
                "att_a": 0.8979385881300971,
                "def_a": 0.9082520749580384
            },
            "Rayo Vallecano de Madrid": {
                "att_h": 0.8386734644294821,
                "def_h": 0.7508209599864897,
                "att_a": 0.5923924391023639,
                "def_a": 1.0847339246386791
            },
            "Villarreal CF": {
                "att_h": 1.391448365486703,
                "def_h": 0.8296959342389735,
                "att_a": 1.1707531464634142,
                "def_a": 0.8851078027699176
            },
            "Real Oviedo": {
                "att_h": 0.3689389008259917,
                "def_h": 0.8352657377532753,
                "att_a": 1.035740099644528,
                "def_a": 1.3513152041548453
            },
            "RCD Mallorca": {
                "att_h": 1.051904441678275,
                "def_h": 1.0150345660328848,
                "att_a": 0.7544951609959148,
                "def_a": 1.2295120970472393
            },
            "FC Barcelona": {
                "att_h": 1.8894366397313491,
                "def_h": 0.47327249159551527,
                "att_a": 1.887199067004478,
                "def_a": 0.7673421693021066
            },
            "Deportivo Alav\u00e9s": {
                "att_h": 0.8361190563088143,
                "def_h": 1.0903481892765725,
                "att_a": 1.017754365508613,
                "def_a": 1.1873531504970996
            },
            "Levante UD": {
                "att_h": 0.7993181451043309,
                "def_h": 1.1941019332576843,
                "att_a": 0.8906881363527314,
                "def_a": 1.0541168444395776
            },
            "Valencia CF": {
                "att_h": 0.9268386966998814,
                "def_h": 1.121355853208079,
                "att_a": 0.7590597647414901,
                "def_a": 0.9773447865886893
            },
            "Real Sociedad de F\u00fatbol": {
                "att_h": 1.218915066681784,
                "def_h": 1.298298287156901,
                "att_a": 1.1838507045629758,
                "def_a": 1.1185306723911463
            },
            "RC Celta de Vigo": {
                "att_h": 0.94448751902045,
                "def_h": 1.4065547114277945,
                "att_a": 1.1364633415794474,
                "def_a": 0.7228456516885613
            },
            "Getafe CF": {
                "att_h": 0.5437009874679369,
                "def_h": 0.7302980162826128,
                "att_a": 0.7261290257554517,
                "def_a": 0.7111355434664217
            },
            "Athletic Club": {
                "att_h": 0.7855654064806681,
                "def_h": 0.998359127780676,
                "att_a": 0.8506948053163623,
                "def_a": 1.1797023398478272
            },
            "Sevilla FC": {
                "att_h": 0.789604688492863,
                "def_h": 1.2351991390496775,
                "att_a": 0.9415535789741298,
                "def_a": 1.2257548022184415
            },
            "RCD Espanyol de Barcelona": {
                "att_h": 0.7162208515552116,
                "def_h": 1.284368254212533,
                "att_a": 0.9718554052867008,
                "def_a": 1.0935547396834973
            },
            "Club Atl\u00e9tico de Madrid": {
                "att_h": 1.379778635643347,
                "def_h": 0.886131727179668,
                "att_a": 1.013609147817458,
                "def_a": 0.884505703331639
            },
            "Elche CF": {
                "att_h": 1.0547430133100055,
                "def_h": 0.9999160649650838,
                "att_a": 0.8959523369454346,
                "def_a": 1.2666436273614048
            },
            "Real Betis Balompi\u00e9": {
                "att_h": 1.018314272432182,
                "def_h": 0.9318615120163845,
                "att_a": 1.1463266834664254,
                "def_a": 0.9052859867035805
            },
            "Real Madrid CF": {
                "att_h": 1.445140095094275,
                "def_h": 0.7813016236435981,
                "att_a": 1.5323002161449415,
                "def_a": 0.664454313435458
            },
            "CA Osasuna": {
                "att_h": 1.100775635723768,
                "def_h": 1.0086726832805915,
                "att_a": 0.6318417929450248,
                "def_a": 0.821274276539952
            }
        }
    }
}